img_id, ans, marks
IMG01, ଇଂଗରେଜକଂ ସାମରାଜ୍ୟ କୁ ସୁଦୃଢ କରିବା ପାଇଁ ୱେଲସେଲି  ଏକ ପ୍ରଥା ଆରଂଭ କରିଥିଲେ ଜାହର ନାମ ଥିଲା ଅଧିନତା ମୁଳକ ମିତ୍ରତା ଓ ସାମତଂ ସଂଧୀ| ଜେଉଁ ଦେସିୟ ରାଜା ଏହାକୁ ଗ୍ରହଣ କରତିଂ ସେମାନେ ଇଂଗରେଜ ସରକାରକଂ ବିନା ଅନୂମତିରେ  ଅନ୍ୟ ଦେଶିୟ ବା ବିଦେଶୀ ରାଜ୍ୟ ସହ ସବଂଧ ରଖିପାରିବେ ନାହିଂ|ସତ୍ର ଅନୁଜାଇ ସେହି ରାଜା କୁଂ ଦଲେ ଇଂଗରେଜ ସୈନ୍ୟକୁ ନିଜ ରାଜ୍ୟ ରେ ଦରମା ଦେଇ ରଖିବେ| ଯଦି ଅର୍ଥ ଦବାକୁ ସାମର୍ଥୟ୍ ନଥିବେ ଇଂଗରେଜ ମାନକ୍କୁଂ ତାକ୍କଂ ରାଜ୍ୟର ଅର୍ଧେକ ଅଂଶ ଦେବାକୁ ପଦିବ| ହାଇଦ୍ରାବାଦର ନବାବ ଓ ଅଯୋଧ୍ୟାର ନିଜାମ ଏହାକୁ ଗ୍ରହଣ କରିଥିଲେ| ପରେ ସିନଧିଆ ଓ ଭୋସଲାର ଶାସକ ଏହି ସଂଧି ଗ୍ରହଣ କାଲେ| ଏହାପରେ ଜୋଧପୁର  ଜୟପୁର ରାଜପୁତାନା ପରି ଅନେକ ରାଜ୍ୟର ରାଜା ଏହି ସଂଧି ଗ୍ରହଣ କଲେ|, 5
IMG02, ଇଂଗରେଜକଂ ପ୍ରଭାବିତ ରାଜ୍ୟ ବିସ୍ତାର ପାଇଁ ରାଜ୍ୟାଭିଳାଷି ୱେଲସେଲି ସାମ୍ଂତ ସଂଧି ପ୍ରଥାର ପ୍ରଣୟନ କରିଥିଲେ| ଏହାର ନାମ ହଉଛି ଅଦିନତାମୁଳକ ମିତ୍ରତା| ଉକ୍ତ ସାମ୍ଂତ ସଂଧିର ସ୍ରତାବଳି ହେଲା ଜେଉଁ ଦେଶିଅ ରାଜ୍ୟ ଗୁଡିକ ଏହାକୁ ଗ୍ରହଣ କରିବେ ସେମାନେ ଇଂଗରେଜମାନକଂ ମିତ୍ର ହୋଇ ତାକଂ ଅଧିନତା ସ୍ୱିକାର କରିବେ| ଇଂଗରେଜକଂ ଅନୁସାରେ ସେମାନେ କୌଣସି ଦେଶିଅ ରାଜା ସହ ସଂପର୍କ ରଖିପାରିବେନି| ଜେଉଁମାନେ ଏହାକୁ ଗ୍ରହଣ କରିବେ ସେମାନେ ନିଜପଟରେ ଦଳେ ଇଂଗରେଜ ସୈନିକକୁଂ ରଖିବେ| ଜଦି ସେମାନେ ଏଥିପାଇଁ ଅସମର୍ଥ ହୁଅଁତି ତେବେ ସେମାନେ ନିଜ ରାଜ୍ୟର କିଛି ଅଂସ ଇଂଗରେଜକୁଂ ଦେବେ| ପ୍ରଥମ ହାଇଦ୍ରାବାଦର ନିଜାମ ଏହାକୁ ଗ୍ରହଣ କରିଥିଲେ| ଏହାପରେ ଅଯୋଧ୍ୟାର ନିଜାମ ଏହାକୁ ଗ୍ରହଣ କରି ନିଜ ରାଜ୍ୟର ଏକ ଅଂସ ଇଂଗରେଜକୁଂ ଦେଇଥିଲେ| ରାଜପୁତାନା ଅଂଚଳର ମେୱାର  ଜୟପୁର ଅଂଚଳର ରାଜା ମାନେ ଏହି ସାମ୍ଂତ ସଂଧି ପ୍ରଥାକୁ ଗ୍ରହଣ କରି ନିଜ ଗାଦିର ଏକ ଅଂଶ ଇଂଗରେଜକୁଂ ଦେଲେ|, 5
IMG03, NAN,3
IMG04, ସାମତଂ ସଂଧି ପଂରଥା ୱେଲସେଲି ପ୍ରଣୟନ କରିଥିଲେ| ଏହାର ଅନ୍ୟ ନାମ ଥିଲା ଅଧିନତାମୁଳକ ମିତ୍ରତା| ସେ ଭାରତରେ ସାମରାଜ୍ୟ ବିସ୍ତାର କରିବା ଉଦ୍ଦେସ୍ୟରେ ଏହା ପ୍ରଣୟନ କରିଥିଲେ| ଏହାର ସର୍ତଗୁଦିକ ଥିଲା ଜେଉଁ ଦେସିଅ ରାଜା ଏହାକୁ ଗ୍ରହଣ କରିବେ ସେମାନେ ଇଂଗରେଜମାନକଂ ମିତ୍ର ହୋଇ ଅଧିନତା ସ୍ୱିକାର କାରିବେ| ଇଂଗରେଜମାନକଂ ବିନା ଅନୁମତିରେ ସେମାନେ କୌଣସି ଦେସିଅ ଓ ବୈଦେସିକ ସଂପର୍କ ରଖିପାରିବେ ନାହିଁ|, 4
IMG05, ସାମନ୍ତ ସନ୍ଧି ଲର୍ଡ଼ ମାକଏଲେକଂ ଦ୍ୱାରା ପ୍ରଣୀତ ହୋଇଥିଲା| ସେ ନିଜର ସ୍ୱାର୍ଥ ହାସଲ ନିମନ୍ତେ ଏହି ନୀତିକୁ ପ୍ରଣିତ କରିଥିଲେ| ଏହି ନୀତିକୁ ଅବଲମ୍ବନ କରିବାକୁ ହେଲେ ଇଂଗ୍ରେଜ଼ ମାନେ ଏହା ପ୍ରତି କିଛି ସର୍ତ ମଧ୍ୟ ରଖିଥିଲେ| ସେହି ସର୍ତ ଗୁଡିକ ହେଲା ଯଦି କୌଣସି ଶଯ୍ୟା ର ରାଜା ସେହି ଅଂଚଳ ମାନଂକର କିଛି ଅଂଶ ଇଂଗ୍ରେଜ଼ ମାନଂକୁ ଦେବାକୁ ହବ| ଏନ୍ଗେଜ଼ ମନାକର କିଛି ସଂୟ ବାହିନୀ କୁ ନିଜର ରାଜ୍ୟରେ ରଖି ତାଙ୍କର ସୁଖ ସୁବିଧା କୁ ମଧ୍ୟ ଆଖିଦେବାକୁ ପଡିବ|, 1
IMG06, ଭାରତରେ ଇଂଗ୍ରେଜ଼ ମାନଂକ ସାମ୍ରାଜ୍ୟ ବିସ୍ତାର ପାଇଁ ୱେଲସେଲି ଏକ ପ୍ରଥା ପ୍ରଚଳନ କଲେ ତାହା ସମନ୍ତି ସନ୍ଧି ଅଧୀନତା ମୂଳକ ମିତ୍ରତା ନାମରେ ପରିଚିତ| ଏହି ସର୍ତ ଅନୂଯାୟ ଇଂଗ୍ରେଜ଼ ମାନଂକ ତଳେ ସଂୟ ମାନଂକୁ ନିଜ ରଂଜୟ ରେ ରଖି ତାଲିମ ଦେବା ଓ ତାଙ୍କ ପାଇଁ ଅର୍ଥ ଖର୍ଚ କରିବେ| ଏହି ପ୍ରଥା ଅନୁସାରେ ଗ୍ରହଣ କରି ରାଜ୍ୟର ରାଜା କୌଣସି କୌଣସି ଦେଶୀୟ କିମ୍ବା ବିଦେଶିକ ଶକ୍ତି ସହ ସମ୍ପର୍କ ରଖି ପାରିବେ ନାହିଁ| ଏହି ସବୁ ନକରିପାରିଲେ ନିଜ ରାଜ୍ୟର କେତେକ ଅଂଶ ଇଂଗ୍ରେଜ଼ ମାନଂକୁ ଦେବାକୁ ହବ| ଏହାକୁ ପ୍ରଥମେ ହାଇଦ୍ରାବାଦର ନିଜାମ ତାପରେ ସୁଜାଉ ଦୱାଲା ଗ୍ରହଣ କରି ନିଜ ରାଜ୍ୟର କେତେକ ଅଂଶ ଦେଇଥିଲେ| ତାପରେ ଭୋନ୍ସଲା ସସିନ୍ଧିଆ ଆଦି ମାନେ ଗ୍ରହଣ କରି ଥିଲେ|, 5
IMG07, ୱେଲସେଲି ଇଂଗ୍ରେଜ଼ ଶାସନର ପ୍ରସାର ପାଇଁଏକ ପ୍ରଥା ପ୍ରଣୟନ କରିଥିଲେ ଏହା କୁ ସାମନ୍ତ ସନ୍ଧି ପ୍ରଥା ବା ଅଧୀନତା ମୂଳକ ମିତ୍ରତା କୁହାଯାଏ| ଏହି ସନ୍ଧିର ସର୍ତ ଥିଲା ଜେ ଯୌନ ରାଜ୍ୟ ର ରାଜା ଏହି ସନ୍ଧି କୁ ଗ୍ରହଣ କରିବେ ସେ ଇଂଗ୍ରେଜ଼ ମାନଂକ ମିତ୍ର ହୋଇ  ଅଧୀନତା ସ୍ୱୀକାର କରିବେ| ଇଂଗ୍ରେଜ଼ନ୍କ ବିନ ଅନୁମତିରେ ସେ କୌଣସି ଦେଶୀୟ କିମ୍ବା ବିଦେଶୀ ଶକ୍ତି ସହ ସମ୍ପର୍କ ରାଖୀ ପାରିବେ ନାହିଁ| ସେମାନେ ନିଜ ସର୍ତରେ ଦଳେ ଇଂଗ୍ରେଜ଼ ସେନା ନିଜ ରାଜ୍ୟ ରେ ରଖିବେ ଯଦି ସେମାନେ ଇଂଗ୍ରେଜ଼ ସୈନିକଙ୍କ ଦରମା ଦେବାରେ ଅଖ୍ୟମ ରହିବେ ତେବେ ସେ ନିଜ ରାଜ୍ୟ ର କିଛି ଅଂଶ ଇଂଗ୍ରେଜ଼ ମାନଂକୁ ହସ୍ତାନ୍ତର କରିଦେବେ| ପ୍ରଥମ ହୋଇ ହାଇଦ୍ରାବାଦର ନିଜାମ ଏହି ସନ୍ଧି ଗ୍ରହଣ କରିଥିଲେ| ପରେ ଅଯୋଧ୍ୟାର ନବାବ ଏହି ସନ୍ଧି ଗ୍ରହଣ କରି କିଛି ଅଂଶ ନିଜ ରାଜ୍ୟର ଇଂଗ୍ରେଜ଼କୁ ହସ୍ତାନ୍ତର କରିଥିଲେ|, 5
IMG08, ସାମନ୍ତ ସନ୍ଧି ବ୍ରିଟିଶ ଗଭରନର ଲର୍ଡ଼ ନର୍ଥ କରିଥିଲେ| ସେ କୃଷକ ମାନେ ମୃତ୍ୟୁବରଣ କରିବା ପରେ ସେମାନଙ୍କ ଚାଷ ଜମି ଇଂଗ୍ରେଜ଼ମାନଂକ ହାତକୁ ହସ୍ତାନ୍ତର ହେବ| ସୈନ୍ୟମାନେ ମୃତ୍ୟୁବରଣ କରିଥିଲେ ସେମାନଙ୍କର ପରିବାରକୁ ଖେତୀପୁରାଣ ବାବଦକୁ ଦିୟା ଯିବା| କୃଷକ ମାନେ ଯେଉଁ ଫସଲ ଉତ୍ପାଦନ କରିବେ ସେମାନେ ଗୋଟିଏ ଭାଗ ରଖି ଅନ୍ୟ ସମସ୍ତ ଭାଗ ଇଂଗ୍ରେଜ଼ମାନଂକୁ ଦେବେ ବୋଲି ନିୟମ ଥିଲା| ହାଇଦ୍ରାବାଦର ନିଜାମ ଯୟପୁର ଉଦୟପୁର ସମ୍ବଲପୁର ରାଜା ମାନେ ଏହି ପ୍ରଥାକୁ ଗ୍ରହଣ କରିଥିଲେ|, 1
IMG09, ଭାରତୀୟ ରାଜ୍ୟ ଗୁଡିକ ଉପରେ ଇଂଗ୍ରେଜ଼ମାନଂକ ପ୍ରଭାବ ବିସ୍ତାର ପାଇଁ ୱେଲସେଲି ସାମନ୍ତ ସନ୍ଧି ନାମକ ଏକ ପ୍ରଥା ପ୍ରଚଳନ କରିଥିଲେ| ଏହି ପ୍ରଥା ଅନୁଯାଇ ଯେଉଁ ଦେଶୀୟ ରାଜ୍ୟ ଗୁଡିକର ରାଜା ଏହି ସାମନ୍ତ ସନ୍ଧି ପ୍ରଥା ଗ୍ରହଣ କରିବେ ସେମାନେ ଇଂଗ୍ରେଜ଼ମାନଂକ ସହ ମିତ୍ର ହୋଇ ଅଧୀନତା ସ୍ୱୀକାର କରିବେ| ସେମାନେ ଇଂଗ୍ରେଜ଼ମାନଂକ ନ ଅନୁମତି ନେଇ ଦେଶୀୟ ବା ବିଦେଶୀ ଶକ୍ତି ସହ କୌଣସି ସମ୍ପର୍କ ରଖିପାରିବେ ନାହିଁ| , 3
IMG10, ସାମନ୍ତ ସନ୍ଧି ଗ୍ରହଣ କରିଥିବା ରାଜ୍ୟ ନିଜ ଖର୍ଚ୍ଚରେ ଦଳେ ଇଂଗ୍ରେଜ଼ ସୈନ୍ୟ ନିଜ ରାଜ୍ୟରେ ରଖିବେ| ସୈନ୍ୟ ମାନଙ୍କର ଖର୍ଚ୍ଚ ଦେବାକୁ ଅସମର୍ଥ ହେଲେ ସେହି ଖର୍ଚ ବାବଦକୁ ଏକ ଅଂଶ ରାଜ୍ୟ ଦେବେ| ପ୍ରଥମେ ହାଇଦ୍ରାବାଦର ରାଜା ଏହାକୁ ଗ୍ରହଣ କରି ଥିଲେ ଓ ପରେ ଅଯୋଧ୍ୟା ରାଜା ଏହାକୁ ଗ୍ରହଣ କରି ନିଜ ରାଜ୍ୟର ଏକ ଅଂଶ ଇଂଗ୍ରେଜ଼ ମାନଂକୁ ଦେଇଥିଲେ|, 2
IMG11, ୱେଲସେଲି ସାମନ୍ତ ସନ୍ଧି ପ୍ରଚଳନ କରିଥିଲେ| ତାଙ୍କର ଅନ୍ୟ ନାମ ଅଧୀନତା ମୂଳକ ମିତ୍ରତା| ଦେଶୀୟ ରାଜ୍ୟଗୁଡିକର ରାଜା ଏହି ସନ୍ଧି ଗ୍ରହଣ କରିପାରିବେ| ତାଙ୍କ ପୋଷ୍ୟପୁତ୍ର ଗ୍ରହଣ କରିପାରିବେ ନାହିଁ| ରେଗୁଲେଟିଙ୍ଗ ଆକ୍ଟ ବା ନିୟାମକ ଆଇନର ଦୋଷତୃଟିକୁ ସୁଧାରିବା ପାଇଁ ବିଲାତର ପାର୍ଲିଆମେଣ୍ଟ ଲର୍ଡ଼ସାହିବ ଏହି ଯୋଜନା କରିଥିଲେ|, 2
IMG12, NAN, 4.5
IMG13, ସାମନ୍ତ ସନ୍ଧି ପ୍ରଥା ଲର୍ଡ଼ ୱେଲସେଲି ପ୍ରଣୟନ କରିଥିଲେ| ଏହି ପ୍ରଥାର ଅର୍ଥ ହେଲା ଅଧୀନତାମୂଳକ ମିତ୍ରତା ଅର୍ଥାତ ଇଂଗ୍ରେଜ଼ ମାନଂକ ଅଧୀନରେ ରହି ସେମାଙ୍କ ସହ ମିତ୍ରତା ସ୍ଥାପନ କରିବା| ଏହାର ସର୍ତ ଗୁଡିକ ହେଲା ଇଂଗ୍ରେଜ଼ ସୈନ୍ୟ ମାନଂକୁ ଦରମା ଦେବା କିମ୍ବା ନିଜ ସାମ୍ରାଜ୍ୟର ଖଣ୍ଡେ ଅଂଶ ସେମାନଙ୍କୁ ପ୍ରଦାନ କରିବେ| ଏହାକୁ ଆଗେ ହାଇଦ୍ରାବାଦର ନିଜାମ ଓ ପରେ ଅନେକ ରାଜା ମାନେ ଗ୍ରହଣ କରିଥିଲେ|, 1
IMG14, NAN, 3.5
IMG15, NAN, 3.5
IMG16, ଭାରତୀୟ ସାମ୍ରାଜ୍ୟ ଉପରେ ଇଂଗ୍ରେଜ଼ ମାନଂକ ଶାସନ ବିସ୍ତାର କରିବା ପାଇଁ ୱେଲସେଲି ଏକ ନୂଆ ପ୍ରଥା ପ୍ରଚଳନ କରିଥିଲେ ତାହା ହଉଚି ସାମନ୍ତ ସନ୍ଧି| ଏହାର ଅର୍ଥ ଅଧୀନତାମୂଳକ ମିତ୍ରତା| ଯେଉଁ ଦେଶୀୟ ରାଜା ଗୁଡିକ ଏହାକୁ ଗ୍ରହଣ କରିବେ ସେମାନେ ଇଂଗ୍ରେଜ଼ ମାନଂକ ଅଧୀନରେ ରହି ମିତ୍ର ହେବେ| ସେମାନେ କୌଣସି ବୈଦେଶିକ ଦେଶ ସହ ସମ୍ପର୍କ ରଖି ପାରିବେ ନାହିଁ| ସେମାନେ ନିଜ ଖର୍ଚରେ ଦଳେ ଇଂଗ୍ରେଜ଼ ସୈନ୍ୟଙ୍କୁ ନିଜ ସୁରକ୍ଷାରେ ରଖିବେ| ସେମାନଙ୍କୁ ଖର୍ଚ ଦେବାକୁ ଅସମର୍ଥ ହେଲେ ନିଜ ରାଜ୍ୟର ଏକ ଅଂଶ ଇଂଗ୍ରେଜ଼ ମାନଂକ ପାଇଁ ଛାଡ଼ିଦେବେ| ପ୍ରଥମେ ହାଇଦ୍ରାବାଦର ନିଜାମ ଏହାକୁ ଗ୍ରହଣ କରିଥିଲେ ତାପରେ ଅଯୋଧ୍ୟାର ନବାବ ଏହାକୁ ଗ୍ରହଣ କଲେ| ଭୋନ୍ସଲା ଓ ସିନ୍ଧିଆ ରାଜା ମାନେ ଗ୍ରହଣକଲେ| ଯୋଧପୁର ଉଦୟପୁର ଭଳି ରାଜ୍ୟ ମାନେ ଏହାକୁ ଗ୍ରହଣ କରିଥିଲେ|, 4.5
IMG17, ଭାରତରେ ରାଜ୍ୟ ବିସ୍ତାର କରିବା ପାଇଁ ଲର୍ଡ଼ ୱେଲସେଲି ଯେଉଁ ପନ୍ଥା ଅବଲମ୍ବନ କରିଥିଲେ ତାହାକୁ ସାମନ୍ତ ସନ୍ଧି କୁହାଯାଏ| ଯେଉଁ ରାଜ୍ୟ ଗୁଡିକ ଇଂଗ୍ରେଜ଼ ମାନଂକ ମିତ୍ରରେ ରହିବେ ତାଙ୍କ ଅଧୀନରେ ମଧ୍ୟ ରହିବେ| ଇଂଗ୍ରେଜ଼ ମାନଂକ ବିନା ଅନୁମତିରେ କୌଣସି ଦେଶର ରାଜା ଅନ୍ୟ ଦେଶ ସହ କୌଣସି ସମ୍ପର୍କ ରଖିବେ ନାହିଁ| ମିତ୍ର ରାଜ୍ୟର ରାଜା ଇଂଗ୍ରେଜ଼ ସୈନ୍ୟ ମାନଂକୁ ନିଜ ଖର୍ଚରେ ରଖିବେ କିମ୍ବା ନିଜ ରାଜ୍ୟର କିଛି ଅଂଶ ଇଂଗ୍ରେଜ଼ ମାନଂକୁ ଦେବେ| ପ୍ରଥମେ ହାଇଦ୍ରାବାଦର ନିଜାମ ଏହାକୁ ଗ୍ରହଣ କରିଥିଲେ| ପରେ ଅଯୋଧ୍ୟାର ନବାବ ମରହଟ୍ଟା ରାଜପୁତନା ଅଂଚଳ ଯଥା ମେୱାର ମାରୱାର ଅମ୍ବର ଓଡିଶାର ସମ୍ବଲପୁର ଯଇତପୁର ନାଗପୁର ସତାରା ଝାନ୍ସୀ ଆଦି ଅଂଚଳର ରାଜା ତାଙ୍କ ରାଜ୍ୟର କିଛି ଅଂଶ ଦେଇଥିଲେ|, 5
IMG18, NAN, 5
IMG19, ବ୍ରିଟିଶ ସାମ୍ରାଜ୍ୟବାଦୀ ଶାସକ ଲର୍ଡ଼ ୱେଲସେଲି ସାମନ୍ତ ସନ୍ଧି ପ୍ରଥା ପ୍ରଣୟନ କରିଥିଲେ| ବ୍ରିଟିଶ ସାମ୍ରାଜ୍ୟର ବିସ୍ତାର ପାଇଁ ଏହି ନୀତି ବା ପ୍ରଥା ପ୍ରଣୟନ କରିଥିଲେ| ଏହି ପ୍ରଥା ଅନୁସାରେ ଯେଉଁ ଭାରତୀୟ ରାଜା ବା ସମ୍ରାଟ ଏହାକୁ ଗ୍ରହଣ କରିବେ ସେ ଇଂଗ୍ରେଜ଼ ମାନଂକ ବିନା ଅନୁମତିରେ କୌଣସି ଦେଶୀୟ କିମ୍ବା ବିଦେଶୀ ଶକ୍ତି ସହ ସମ୍ବନ୍ଧ ରଖି ପାରିବେ ନାହିଁ| ଯେଉଁ ରାଜା ମାନେ ଏହାକୁ ଗ୍ରହଣ କରିବେ ସେମାନେ ଇଂଗ୍ରେଜ଼ ମାନଂକ ମିତ୍ର ହୋଇ ସେମାନଙ୍କ ଅଧୀନରେ ରହିବେ| ନିଜ ଖର୍ଚରେ ଦଳେ ଇଂଗ୍ରେଜ଼ ସୈନ୍ୟଙ୍କୁ ନିଜ ରାଜ୍ୟରେ ରଖିବେ| ସୈନ୍ୟ ମାନଂକ ଖର୍ଚ ବାବଦକୁ ଟଂକା ନ ଦେଇ ପାରିବେ ନିଜ ରାଜ୍ୟର ଖଣ୍ଡେ ଅଂଶ ଇଂଗ୍ରେଜ଼ ମାନଂକୁ ହସ୍ତାନ୍ତର କରିବେ| ପ୍ରଥମେ ହାଇଦ୍ରାବାଦର ନିଜାମ ଏହାକୁ ଗ୍ରହଣ କଲେ| ଏହାପରେ ସସିନ୍ଧିଆ ଉଦୟପୁର ଯୋଧପୁର ଯୟପୁର ଆଦିର ଶାସକ ମାନେ ଏହି ପ୍ରଥା ଗ୍ରହଣ କରି ନିଜ ନିଜ ରାଜ୍ୟରୁ କିଛି ଅଂଶ ଇଂଗ୍ରେଜ଼ ମନକୁ ହସ୍ତାନ୍ତର କରିଥିଲେ|, 5
IMG20, ଭାରତରେ ଶାସନ ବିସ୍ତାର କରି ଇଂଗ୍ରେଜ଼ ମାନଂକ ଉପରେ ବିସ୍ତାର କରିବା ପାଇଁ ୱେଲସେଲି ଏକ ପ୍ରଥା ପ୍ରଚଳନ କରିଥିଲେ| ତାହା ହଉଛି ସାମନ୍ତ ସନ୍ଧି| ଏହି ସନ୍ଧିରେ ଅନେକ ରାଜା ଏଥିରେ ଥିଲେ| ଏହି ସନ୍ଧିରେ ଭାଗ ନେଇଥିବା ରାଜା ମାନଂକ ସହିତ ସନ୍ଧି ସ୍ଥାପନ କରିବେ ଓ ଇଂଗ୍ରେଜ଼ ମାନଂକ ଆଦେଶ ନ ନେଇ କୌଣସି ଦେଶୀୟ ତଥା ବିଦେଶୀ ମାନଂକ ସହିତ ସମ୍ପର୍କ ରଖିବେ ନାହିଁ| ଏହି ସନ୍ଧିରେ ଭାଗ ନେଇଥିବା ରାଜା ମାନେ ଇଂଗ୍ରେଜ଼ ମାନଂକ ଠାରୁ ଦଳେ ଟଂକା ରାଜ୍ୟରେ ରହିବେ ଓ ଖର୍ଚ ମଧ୍ୟ ସେମାନଙ୍କୁ ଦେବାକୁ ପଡେ| ଯଦି ରାଜା ଅର୍ଥ ଦେବାକୁ ଅସମର୍ଥ ହେଲେ ତେବେ ନିଜ ରାଜ୍ୟରୁ ଅଧା ଅଂଶ ଇଂଗ୍ରେଜ଼ ମାନଂକୁ ଦେବ|, 3
IMG21, ଏହା ଇଂଗ୍ରେଜ଼ ମାନଂକ ରାଜ୍ୟ ବିସ୍ତାର ଉଦ୍ଦେଶ୍ୟରେ ପ୍ରଣୟନ କରିଥିଲେ| ଏହାର ସର୍ତ ଗୁଡିକ ଥିଲା ଯେଉଁ ମାନେ ଏହାକୁ ଗ୍ରହଣ କରିବେ ସେମାନେ ଇଂଗ୍ରେଜ଼ ମାନଂକ ଅଧୀନରେ ରହି ବନ୍ଧୁ ହେବେ| ଯେଉଁ ମଧ୍ୟ ରାଜ୍ୟ ଏହି ସନ୍ଧି ଗ୍ରହଣ କରିବା ସେହି ଇଂଗ୍ରେଜ଼ ମାନଂକ ବିନା ଅନୁମତିରେ କେଉଁ ମଧ୍ୟ ରାଜ୍ୟ ବା ଅନ୍ୟ ଦେଶ ସହ ସମ୍ବନ୍ଧ ରଖି ପାରିବେ ନାହିଁ| ଯେଉଁ ମାନେ ଏହାକୁ ଗ୍ରହଣ କରିବେ ସେମାନଙ୍କୁ ନିଜ senare ଦଳେ ଇଂଗ୍ରେଜ଼ ସେନାଙ୍କୁ ମଧ୍ୟ ରଖି ତାଙ୍କୁ ଦରମା ଦେବାକୁ ପଡିବ| ଯଦି ସେ ଦରମା ନ ଦେଇ ପାରନ୍ତି ତେବେ ତାଂକ ନିଜ ରାଜ୍ୟର କିଛି ଅଂଚଳ ଇଂଗ୍ରେଜ଼ ମାନଂକୁ ଦେବାକୁ ପଡିବ| ଏହା ପ୍ରଥମେ ହାଇଦ୍ରାବାଦର ନିଜାମ ଗ୍ରହଣ କରିଥିଲେ|, 4
IMG22, ଇଂଗ୍ରେଜ଼ ମାନଂକ ବିନା ଅନୁମତିରେ କୌଣସି ଦେଶ ସହ ବାଣିଜ୍ୟ କାରୋବାର କିମ୍ବା ମିତ୍ରତା କରି ପାରିବେ ନାହିଁ| ନିଜ ରାଜ୍ୟରେ ନିଜର ସୁରକ୍ଷା ନିମନ୍ତେ ଇଂଗ୍ରେଜ଼ ମାନଙ୍କର ଦଳେ ସୈନ୍ୟକୁ ନିଜ ଖର୍ଚରେ ରଖିବେ| ଯଦି ଖର୍ଚ ନଦେଇପାରନ୍ତି ତେବେ ନିଜ ରାଜ୍ୟର ଗୋଟିଏ ଅଂଶ ଇଂଗ୍ରେଜ଼ ମାନଂକୁ ଦେବେ| ଇଂଗ୍ରେଜ଼ ମାନଙ୍କର ଏହି ନୀତି କୁ ପ୍ରଥମେ ହାଇଦ୍ରାବାଦର ନବାବ ଗ୍ରହଣ କରିଥିଲେ| ଏହାପରେ ଏଇ ନୀତିକୁ ବିଭିନ୍ନ ଦେଶୀୟ ରାଜ୍ୟର ରାଜା ଗ୍ରହଣ କରି ନିଜ ରାଜ୍ୟର ଖଣ୍ଡେ ଅଂଶ ଇଂଗ୍ରେଜ଼ ମାନଂକୁ ଦେଇ ନିଜ ସ୍ୱାଧୀନତା କୁ ହରାଇ ଥିଲେ|, 3
IMG23, ଯେଉଁ ପ୍ରଭାବରେ ରାଜାମାନେ ଇଂଗ୍ରେଜ଼ଙ୍କ ଅଧୀନ ଆଣିବା ବା ରାଜ୍ୟ ଗୁଡିକ ପ୍ରଭାବ ବିସ୍ତାର ପକାଇବାକୁ ସାମନ୍ତ ସନ୍ଧି ବା ଅଧୀନତାମୂଳକ କୁହା ଯାଏ| ଏହାକୁ ଇଂଗ୍ରେଜ଼ଙ୍କ ଗଭର୍ଣ୍ଣର ୱେଲସେଲି ପ୍ରଚଳନ କରିଥିଲେ| ସର୍ତ୍ତାଗୁଡ଼ିକ ହେଲା ବୈଦେଶିକ ବା ଦେଶୀୟ ଶକ୍ତି ସହ ସମ୍ପର୍କ ରଖି ପାରିବେ ନାହିଁ| ତାଂକ ରାଜ୍ୟରେ ଦଳେ ଇଂଗ୍ରେଜ଼ୀ ସୈନ୍ୟ ରଖିବାକୁ ହେବେ| ଯଦି ତାଂକ ଖର୍ଚରେ ଅସମର୍ଥ ହେଲେ ନିଜ ରାଜ୍ୟର ଅଂଶ ଦେବାକୁ ପଡିବ| ହାଇଦ୍ରାବାଦର ବାଁଜ଼ୀର ଯୋଧପୁର ଯୟପୁର ଉଦୟପୁର ଭଳି କେତେକ ରାଜ୍ୟ ଏହାକୁ ଗ୍ରହଣ କରି ସାରିଲେନି|, 5
IMG24, NAN, 4.5
IMG25, ଭାରତରେ ଇଂଗ୍ରେଜ଼ଙ୍କ ରାଜ୍ୟ ଓ ପ୍ରଭାବ ବିସ୍ତାର ପାଇଁ ୱେଲସେଲି ସାମନ୍ତ ସନ୍ଧି ନାମକ ଏକ ପ୍ରଥା ପ୍ରଚଳନ କଲେ| ଏଥିରେ ଉଲ୍ଲେଖ ଥିଲା ଯେଉଁ ରାଜ୍ୟ ମାନେ ଏହି ପ୍ରଥା ଗ୍ରହଣ କରିବେ ସେମାନେ ଇଂଗ୍ରେଜ଼ଙ୍କ ବିନା ଅନୁମତିରେ ଅନ୍ୟ ଦେଶୀୟ ଓ ବିଦେଶୀ ଶକ୍ତି ସହ ସମ୍ପର୍କ ରଖି ପରିବେନି| ଏସନ୍ଧିର ଅର୍ଥ ହେଲା ଅଧୀନତା ମୂଳକ ମିତ୍ରତା| ଯେଉଁ ମାନେ ଏ ପ୍ରଥା ଗ୍ରହଣ କରିବେ ସେମାନେ ଇଂଗ୍ରେଜ଼ଙ୍କର ଅଧୀନରେ ରହିବେ| ଏହାର ନିୟମ ଥିଲା ଯେ ଯେଉଁ ଦେଶୀୟ ରାଜା ଏଇ ନିୟମ ଗ୍ରହଣ କରିବେ ସେମାନେ ଇଂଗ୍ରେଜ଼ଙ୍କ ଗୋଟିଏ ସୈନ୍ୟ ଦଳକୁ ନିଜ ରାଜ୍ୟରେ ରଖି ନିଜ ଖର୍ଚ୍ଚରୁ ତାଙ୍କୁ ଦରମା ଦେବେ ଓ ନ ଦେଇ ପାରିଲେ ନିଜ ରାଜ୍ୟର ଏକ ଅଂଶ ଇଂଗ୍ରେଜ଼ଙ୍କୁ ଦେବେ| ହାଇଦ୍ରାବାଦର ନିଜାମ ଅଯୋଧ୍ୟା ନବାବ ପରେ ମଧ୍ୟ ମୁଗହଳ ସମ୍ରାଟ ସାହା ଆଲାମ ଆଦି ରାଜ୍ୟ ଏ ସନ୍ଧି ଗ୍ରହଣ କରି ନିଜ ସ୍ୱାଧୀନତା ହରେଇ ଥିଲେ|,5
IMG26, NAN, 1
IMG27, NAN, 2
IMG28, ସାମନ୍ତ ସନ୍ଧି ପ୍ରଥା ଲର୍ଡ଼ ନର୍ଥ ପ୍ରଣୟନ କରିଥିଲେ| ସେ କୃଷକ ମାନେ ମୃତ୍ୟୁବରଣ କରିବା ପରେ ସେମାନଙ୍କ ଚାଷଜମି ଇଂଗ୍ରେଜ଼ମାନଙ୍କ ହାତକୁ ହସ୍ତାନ୍ତର ହବ| ସୈନ୍ୟମାନେ ମୃତ୍ୟବରଣ କଲେ ସେମାନଙ୍କ ପରିବାରକୁ ଖେତିପୁରଣ ଦିଆଯାଉନଥିଲା| କୃଷକ ମାନେ ଯେଉଁ ଫସଲ ଉତ୍ପାଦନ କରିବେ ସେମାନେ ଫସଲର ଏକ ଭାଗ ରଖିବେ ଏବଂ ସମସ୍ତ ଭାଗ ଇଂଗ୍ରେଜ଼ ମାନଙ୍କୁ ଦେବେ| , 0
IMG29, ରାଜାମାନେ ସେମାନଙ୍କ ରାଜ୍ୟର ଅର୍ଧ ଭାଗ ଇଂଗ୍ରେଜ଼ଙ୍କୁ ଦେବେ| ସେମାନେ ଯଦି ନ ଦେବେ ତାହାଲେ ୟୁଦ୍ଧ ହବ| ଯୁଧ୍ୟରେ ପାରସ୍ଥ ହେଲେ ସେମାନଙ୍କ ଅଧୀନକୁ ଯିବ| ଏହାକୁ ହାଇଦ୍ରାବାଦର ନିଜାମ ଓ ଗ୍ରହଣ କରିଥିଲେ|, 1
IMG30, ଲର୍ଡ଼ ୱେଲସେଲି ଜଣେ ସାମ୍ରାଜ୍ୟବାଦୀ ଶାସକ ଅଟନ୍ତି| ସେ ଭାରତରେ ସାମ୍ରାଜ୍ୟ ବିସ୍ତାର ପାଇଁ ସାମନ୍ତ ସନ୍ଧି ନାମକ ଏକ ନିୟମ ଲାଗୁ କରିଥିଲେ| ଏହାର ସାର୍ଟ ଅନୁଯାଇ ଯେଉଁ ମାନେ ଏଇ ନିୟମ ଆପଣେଇବେ ସେମାନେ ଇଂଗ୍ରେଜ଼ ମିତ୍ର ହୋଇ ଅଧୀନତା ସ୍ୱୀକାର କରିବେ| ସେମାନେ ଇଂଗ୍ରେଜ଼ ମାନଙ୍କ ବିନା ଅନୁମତିରେ ଦେଶୀୟ ବା ବୈଦେଶିକ ସମ୍ପର୍କ ରଖିପାରିବେ ନାହିଁ| ଓ କିଛି ଇଂଗ୍ରେଜ଼ ସୈନ୍ୟଙ୍କୁ ନିଜ ଦରବାରରେ ରଖି ତାଙ୍କର ଖର୍ଚ ବହନ କରିବେ କିମ୍ବା ନିଜ ସାମ୍ରାଜ୍ୟର ଖଣ୍ଡେ ଅଂଶ ଇଂଗ୍ରେଜ଼ ମାନଙ୍କୁ ଦେବେ| ଏହାକୁ ପ୍ରଥମେ ହାଇଦ୍ରାବାଦର ନିଜାମ ଓ ପରେ ଅଯୋଧ୍ୟାର ରାଜା ଓ ଭୋସଲାର ରାଜା ଏହାକୁ ସ୍ୱୀକାର କରି ନିଜ ନିଜ ରାଜ୍ୟର ଖଣ୍ଡେ ଅଂଶ ଏନ୍ଗେଜ଼ ମାନଙ୍କୁ ଦେବେ| ଏହାପରେ ରାଜପୁତନା ଅଂଚଳ ଯୟବୁର ଯୋଧପୁର  ଉଦୟପୁର ଏହି ନିୟମ ଆପଣେଇଥିଲେ|, 5
IMG31, ସାମନ୍ତ ସନ୍ଧି ପ୍ରଥା ଇଂଗ୍ରେଜ଼ ସରକାର ନିଜ ସ୍ୱାର୍ଥ ହାସଲ ଓ ସାମ୍ରାଜ୍ୟ ବିସ୍ତାର ପାଇଁ ପ୍ରଚଳିତ କରିଥିଲେ| ସର୍ତ ଅନୁଯାଇ ଏହି ପ୍ରଥା ଯିଏ ଗ୍ରହଣ କରିବା ସେ ଇଂଗ୍ରେଜ଼ ମାନଙ୍କ ମିତ୍ର ହୋଇ ଅଧିଆନ୍ତା ସ୍ୱୀକାର କରିବ| ଯେଉଁ ମାନେ ଏହାକୁ ଗ୍ରହଣ କରିବେ ଇଂଗ୍ରେଜ଼ଙ୍କ ବିନା ଅନୁମତିରେ କୌଣସି ଦେଶୀୟ କିମ୍ବା ବିଦେଶୀ ରାଜ୍ୟ ସହିତ ସମ୍ପର୍କ ରଖି ପାରିବେ ନାହିଁ|, 2
IMG32, ଏହି ପ୍ରଥାକୁ ଯେଉଁ ମାନେ ଗ୍ରହଣ କରିବେ ସେମାନେ ଦେଲେ ଇଂଗ୍ରେଜ଼ ସୈନ୍ୟଙ୍କୁ ନିଜ ରାଜ୍ୟରେ ଖର୍ଚ ଦେଇ ରଖିବେ| ଯଦି ସେମାନେ ଏହି ଖର୍ଚ ଦେବାକୁ ବିଫଳ ହେଲେ ତେବେ ସେ ନିଜ ରାଜ୍ୟରୁ କିଛି ଅଂଶ ସେଇ ଖର୍ଚ ବାବଦକୁ ଇଂଗ୍ରେଜ଼ ମାନଙ୍କୁ ଦେବେ| ଏହାକୁ ପ୍ରଥମେ ହାଇଦ୍ରାବାଦର ନିଜାମ ଗ୍ରହଣ କରିଥିଲେ ଓ ପରେ ଅନ୍ୟ ରାଜ୍ୟ ମାନେ ଗ୍ରହଣ କରିଥିଲେ| ଏହି ପ୍ରଥାକୁ ଗ୍ରହଣ କରି ଅନେକ ଦେଶୀୟ ରାଜା ନିଜ ସ୍ୱାଧୀନତା ହରେଇ ଥିଲେ|, 3
IMG33, ସାମନ୍ତ ସନ୍ଧି ଲର୍ଡ଼ ମ୍ୟାକ୍ଲେ ପ୍ରଚଳନ କରିଥିଲେ| ସେ ଇଂଗ୍ରେଜ଼ ମାନଙ୍କ ସାମ୍ରାଜ୍ୟ ବିସ୍ତାର ନିମନ୍ତେ ଏହା ପ୍ରଚଳନ କରିଥିଲେ| ଏହାର ସର୍ତ ଗୁଡିକ ହେଲା ଯେଉଁ ଦେଶୀୟ ରାଜା ଏହି ପ୍ରଥା କୁ ଗ୍ରହଣ କରିବେ ସେ କୌଣସି ଦେଶୀୟ ବା ବିଦେଶି ରାଜାଙ୍କ ସହ କୌଣସି ସମ୍ପର୍କ ରଖିବେ ନାହିଁ ବା ଶକ୍ତି ସହ ସମ୍ପର୍କ ରଖିବେ ନାହିଁ| ଯେଉଁ ରାଜା ଏହାକୁ ଗ୍ରହଣ କରିଥିବେ ସେ ତାଙ୍କ ନିଜ ଖର୍ଚ୍ଚ ରେ ଇଂଗ୍ରେଜ଼ ସୈନ୍ୟ ମାନଙ୍କୁ ରଖିବେ| ଯଦି ସେ ଇଂଗ୍ରେଜ଼ ମାନଙ୍କୁ ତାଙ୍କ ଦେବାକୁ ଅସମର୍ଥ ହେଲେ ତାଙ୍କ ସାମ୍ରାଜ୍ୟରୁ ଏକ ଖଣ୍ଡ ଇଂଗ୍ରେଜ଼ ମାନଙ୍କୁ ଦେବାକୁ ହବ| ହାଇଦ୍ରାବାଦର ରାଜା ଏହାକୁ ଗ୍ରହଣ କରି ନିଜ ସାମ୍ରାଜ୍ୟର କିଛି ଅଂଶ ଇଂଗ୍ରେଜ଼ ମାନଙ୍କୁ ଦେଇଥିଲେ|, 4
IMG34, NAN, 2
IMG35, ସାମନ୍ତ ସନ୍ଧି ପ୍ରଥା ପ୍ରଚଳନ କରିଥିଲେ କାରଣ ସେ ଭାରତକୁ ନିଜ ଅଧୀନରେ କରିବାକୁ ଚାଁହୁଥିଲେ| ଏହାର ସର୍ତ ଗୁଡିକ ଥିଲା ଯେତେବେଳେ ରାଜ୍ୟ ଉପରେ ଆକ୍ରମଣ ହୁଏ ତେବେ ଇଂଗ୍ରେଜ଼ ସୈନ୍ୟ ସେ ରାଜ୍ୟରେ ସୈନ୍ୟଙ୍କ ସହ ମିଶିକି ଲଢେଇ କରିବେ|, 0
IMG36, ଏହାର ସର୍ତ ହେଲା ଯେଉଁ ରାଜା ଏହାଗୁଡିକ ଗ୍ରହଣ କରିବ ସେ ନିଜ ଇଂଗ୍ରେଜ଼ ସୈନ୍ୟଙ୍କୁ ରଖି ଖାଇବା ପିଇବା ଦରମା କଥା ବୁଝିବେ ନ ଦେଇ ପାରିଲେ ଏକ ଅଂଶ ଇଂଗ୍ରେଜ଼ଙ୍କୁ ଦେବାକୁ ହେବ| ଶିରାଜଉଦ୍ଦୌଲା ଏହାକୁ ଗ୍ରହଣ କରିଥିଲେ| ଏହିପରି ଇଂଗ୍ରେଜ଼ ହାତକୁ ବହୁତ ସାମ୍ରାଜ୍ୟ ଆସିଥିଲା|, 1.5
IMG37, NAN, 0
IMG38, NAN, 1
IMG39, ସାମନ୍ତ ସନ୍ଧି ପ୍ରଥା ରାଜନୈତିକ ସ୍ୱାର୍ଥ ହାସଲ କରିବା ନିମନ୍ତେ ଜେନେରାଲ ଗଭର୍ଣର ୱେଲସେଲି ପ୍ରଚଳନ କରିଥିଲେ| ଏହାକୁ ସାମନ୍ତ ସନ୍ଧି ବା ଅଧୀନତା ମୂଳକ ମିତ୍ରତା କୁହାଯାଏ| ଯେଉଁ ଦେଶୀୟ ରାଜ୍ୟର ରାଜା ଏହାକୁ ଗ୍ରହଣ କରିବେ ସେମାନେ ଇଂଗ୍ରେଜ଼ ମାନଙ୍କ ମିତ୍ର ହୋଇ ସେମାନଙ୍କ ଅଧୀନତା ସ୍ୱୀକାର କରିବେ ବୋଲି ବ୍ୟବସ୍ଥା ଥିଲା| ଇଂଗ୍ରେଜ଼ ମାନଙ୍କ ବିନା ଅନୁମତିରେ ସେମାନେ କୌଣସି ଦେଶୀୟ କିମ୍ବା ବିଦେଶୀ ଶକ୍ତି ସହିତ ସମ୍ପର୍କ ରଖି ପାରୁନଥିଲେ| ଯେଉଁ ରାଜ୍ୟ ଏହି ସନ୍ଧି ଗ୍ରହଣ କରୁଥିଲେ ସେମାନେ ନିଜ ଖର୍ଚରେ ଦଳେ ଇଂଗ୍ରେଜ଼ ସୈନ୍ୟଙ୍କୁ ରଖୁଥିଲେ| ଖର୍ଚ୍ଚ ଦେବାକୁ ଅସମର୍ଥ ଥିଲେ ନିଜ ରାଜ୍ୟରେ ଖଣ୍ଡେ ଅଂଶ ଦେଉଥିଲେ| ପ୍ରଥମେ ନିଜାମ ଏହି ସନ୍ଧି ଗ୍ରହଣ କରିଥିଲେ| ସିନ୍ଧିଆ ଭୋସଲା ସହ ତାନଜୋର ଓ ରାଜପୁତନା ଅଂଚଳର ଯୟବୁର ଯୋଧପୁର ଉଦୟପୁର ଅଂଚଳର ଅନେକ ଏହାକୁ ଗ୍ରହଣ କରି ନିଜ ସ୍ୱାଧୀନତା ହରାଇଥିଲେ|, 5
IMG40, ଭାରତରେ ଇଂଗ୍ରେଜ଼ ମାନଙ୍କ ପ୍ରଭାବ ବିସ୍ତାର କରିବା ପାଇଁ ୱେଲସେଲି ଏକ ପ୍ରଥା ପ୍ରଚଳନ କରିଥିଲେ| ତାହା ସାମନ୍ତ ସନ୍ଧି ପ୍ରଥା ବା ଅଧୀନତା ମୂଳକ ମିତ୍ରତା ନାମରେ ନାମିତ| ଏହି ସର୍ତ ଅନୁଯାଇ ଯେଉଁ ରାଜା ଏହାକୁ ଗ୍ରହଣ କରିବେ ସେ ଇଂଗ୍ରେଜ଼ ମାନଙ୍କ ମିତ୍ର ହୋଇ ରହିବ ଏବଂ ଅଧୀନତା ସ୍ୱୀକାର କରିବେ| ଇଂଗ୍ରେଜ଼ ମାନଙ୍କ ବିନା ଅନୁମତିରେ ସେ ଦେଶୀୟ କିମ୍ବା ବିଦେଶୀ ଶକ୍ତି ସହ ସମ୍ପର୍କ ରଖ୍ୟା କରି ପାରିବେ ନାହିଁ| ନିଜ ଖର୍ଚ୍ଚ ବାବଦକୁ ଦଳେ ଇଂଗ୍ରେଜ଼ ସୈନ୍ୟଙ୍କୁ ନିଜ ଦରବାରରେ ରଖିବେ| ଯଦି ଦରମା ଦେବାକୁ ଅସମର୍ଥ ହୁଅନ୍ତି ତେବେ ନିଜ ରାଜ୍ୟରୁ କିଛି ଅଂଶ ଦରମା ବାବଦକୁ ଦେବାକୁ ପଡିବ|, 4
IMG41, ଭାରତର ରାଜ୍ୟଗୁଡ଼ିକରେ ଇଂଗ୍ରେଜ଼ ମାନେ କ୍ଷମତା ବିସ୍ତାର ପାଇଁ ୱେଲସେଲି ଏକ ପ୍ରଥା ପ୍ରଚଳନ କରିଥିଲେ| ଏହା ସାମନ୍ତ ସନ୍ଧି ବା ଅଧୀନତା ମୂଳକ ମିତ୍ରତା ଭାବରେ ପରିଚିତ| ଯେଉଁ ଦେଶୀୟ ରାଜ୍ୟର ରାଜା ଏହି ସନ୍ଧି ଗ୍ରହଣ କରିବେ ସେମାନେ ଇଂଗ୍ରେଜ଼ ମାନଙ୍କ ମିତ୍ର ହୋଇ ସେମାନଙ୍କ ଅଧୀନତା ସ୍ୱୀକାର କରିବେ| ସେମାନେ ଇଂଗ୍ରେଜ଼ ମାନଙ୍କ ବିନା ଅନୁମତିରେ କୌଣସି ଦେଶୀୟ କିମ୍ବା ବିଦେଶୀ ଶକ୍ତି ସହ ସମ୍ପର୍କ ରଖି ପାରିବେ ନାହିଁ| ସେମାନେ ନିଜ ଖର୍ଚରେ ଦେଲେ ଇଂଗ୍ରେଜ଼ ସୈନ୍ୟଙ୍କୁ ନିଜ ରାଜ୍ୟରେ ରଖିବେ| ଯଦି ସେମାନଙ୍କ ବାବଦରେ ଖର୍ଚ ଦେବାକୁ ଅସମର୍ଥ ହୁଅନ୍ତି ତେବେ ନିଜ ରାଜ୍ୟରୁ ଖଣ୍ଡେ ଅଂଶ ଇଂଗ୍ରେଜ଼ ମାନଙ୍କୁ ଦେବେ| ପ୍ରଥମେ ହାଇଦ୍ରାବାଦର ନିଜାମ ଏହି ସନ୍ଧି ଗ୍ରହଣ କରିଥିଲେ| ତାଙ୍କ ପରେ ଅଯୋଧ୍ୟା ନବାବ ଏହି ସନ୍ଧି ଗ୍ରହଣ କରି ନିଜ ରାଜ୍ୟରୁ ଖଣ୍ଡେ ଙ୍ଗ୍ରେଜ଼ ମାନଙ୍କୁ ଦେଇଥିଲେ|  ଭୋସଲା ଓ ସିନ୍ଧିଆ ଏହି ସନ୍ଧି ଗ୍ରହଣ କରି ନିଜ ରାଜ୍ୟରୁ ଖଣ୍ଡେ ଖଣ୍ଡେ ଇଂଗ୍ରେଜ଼ ମାନଙ୍କୁ ଦେଇଥିଲେ| ଏହା ପରେ କାନପୁର ରାଜପୁତନା ଅଂଚଳର ଯୟବୁର ଯୋଧପୁର ଉଦୟପୁର ଆଦିର ରାଜା ଏହି ସନ୍ଧି ଗ୍ରହଣ କରି ନିଜ ନିଜର ସ୍ୱାଧୀନତା ହରାଇଥିଲେ|, 5
IMG42, ଭାରତକୁ ଇଂଗ୍ରେଜ଼ ମାନଙ୍କ ଶାସନରେ ଆଣିବା ପାଇଁ ୱେଲସେଲି ଏକ ପ୍ରଥା ପ୍ରଚଳନ କଲେ| ଏହା ସାମନ୍ତ ସନ୍ଧି ପ୍ରଥା ବା ଅଧୀନତା ମୂଳକ ମିତ୍ରତା ନାମରେ ନାମିତ| ଏହି ସନ୍ଧି ଗ୍ରହଣକରିଲେ ରାଜା କୌଣସି ଦେଶୀୟ ବା ବିଦେଶୀ ରାଜା ସହ ଇଂଗ୍ରେଜ଼ ମାନଙ୍କ ବିନା ଅନୁମତିରେ ସମ୍ପର୍କ ରଖିପାରିବେ ନାହିଁ| ସେ ଦଳେ ଇଂଗ୍ରେଜ଼ ସୈନ୍ୟଙ୍କୁ ରଖିବା ଓ ତାଙ୍କ ଖର୍ଚ କରିବାକୁ ସମର୍ଥ ନ ହେଲେ ରାଜ୍ୟର ଏକ ଅଂଶ ଇଂଗ୍ରେଜ଼ ମାନଙ୍କୁ ଦେବାକୁ ହେବ| ପ୍ରଥମେ ହାଇଦ୍ରାବାଦର ନିଜାମ ଏହାକୁ ଗ୍ରହଣ କରିଥିଲେ| ଏହାପରେ ବିଭିନ୍ନ ରାଜା ଏହାକୁ ଗ୍ରହଣ କରି ନିଜ ରାଜ୍ୟର ଏକ ଖଣ୍ଡ ଇଂଗ୍ରେଜ଼ ମାନଙ୍କୁ ଦେଇଥିଲେ|  ସୁରଟ ଯୋଧପୁର ଏହା ଗ୍ରହଣ କରିଥିଲେ ଓ ପରାଧୀନ ହୋଇଯାଇଥିଲେ|, 5
IMG43, ସାମନ୍ତ ସନ୍ଧି ଡେଲହାଉସି ଇଂଗ୍ରେଜ଼ ମାନଙ୍କ ରାଜ୍ୟ ବିସ୍ତାର ପାଇଁ ପ୍ରଣୟନ କରିଥିଲେ| ଏହାକୁ ଅଧୀନତା ମୂଳକ ବନ୍ଧୁତା କୁହ ଯାଉଥିଲା|  ଏହି ସର୍ତ ଅନୁଯାଇ ରାଜ୍ୟର ରାଜା କୌଣସି ବୈଦେଶିକ କିମ୍ବା ଦେଶୀୟ ଶକ୍ତି ସହ ସମ୍ପର୍କ ରଖି ପାରିବେ ନାହିଁ| ଇଂଗ୍ରେଜ଼ ସୈନ୍ୟ ମାନଙ୍କୁ ନିଯୁକ୍ତି କରିବେ| ତାଙ୍କୁ ଅର୍ଥ ଦେବାକୁ ପଛ ଘୁଞ୍ଚା ହେଲେ ତାଙ୍କ ରାଜ୍ୟର ଅଳ୍ପ ଜମି ଦେବାକୁ ପଡିବ| ଏହି ସାର୍ଟକୁ ପ୍ରଥମେ ହାଇଦ୍ରାବାଦର ନିଜାମ ଗ୍ରହଣ କରିଥିଲେ| ଏହି ସର୍ତ ଅନୁଯାଇ ରାଜପୁତନା ଯୋଧପୁର ଅମ୍ବର ଭଳି ଅନେକ ରାଜା ଏହି ସନ୍ଧି ଗ୍ରହଣ କରି ପରାଧୀନ ହୋଇଥିଲେ|, 4.5
IMG44, NAN, 1
IMG45, ସାମନ୍ତ ସନ୍ଧି ପ୍ରଥା ୱେଲସେଲି ପ୍ରଣୟନ କରିଥିଲେ| ଅନ୍ୟ ନାମ ଅଧୀନତା ମୂଳକ ମିତ୍ରତା| ସେ ଭାରତରେ ଇଂଗ୍ରେଜ଼ ସାମ୍ରାଜ୍ୟର ଦୃଢ ଉଦ୍ଦେଶ୍ୟରେ ଏହି ପ୍ରଥା ପ୍ରଚଳନ କରିଥିଲେ| ଏହାର ମୁଖ୍ୟ ସନ୍ଧି ଗୁଡିକ ହେଲା ଯେଉଁ ରାଜା ଏହାକୁ ଗ୍ରହଣ କରିବେ ସେ କୌଣସି ଦେଶୀୟ ବା ବିଦେଶିୟ ରାଜାଙ୍କ ସହ ସମ୍ପର୍କ ରଖି ପାରିବେ ନାହିଁ| ଯେଉଁ ରାଜା ଏହାକୁ ଗ୍ରହଣ କରିବେ ସେ ଦଳେ ଇଂଗ୍ରେଜ଼ ସୈନ୍ୟକୁ ରଖି ତାଙ୍କ ଭରଣ ପୋଷଣ କରିବେ| ଯଦି ଏହା କରିବାକୁ ଅସମର୍ଥ ହେବେ ତାଙ୍କ ରାଜ୍ୟର ଏକ ଅଂଶ ଇଂଗ୍ରେଜ଼ଙ୍କୁ ଦେବାକୁ ପଡିବ| ଏହି ପ୍ରଥାକୁ ପ୍ରଥମେ ଝାନ୍ସୀ ସତାରା ସମ୍ବଲପୁରର ରାଜା ଗ୍ରହଣ କରି ତାଙ୍କ ସ୍ୱାଧୀନତା ହରାଇଥିଲେ|, 4
IMG46, ସାମନ୍ତ ସନ୍ଧି ୱେଲସେଲି ଓ ନିଜ ରାଜ୍ୟ ଇଂଗଲାଂଡକୁ ବିସ୍ତାର କରିବା ପାଇଁ ପ୍ରଣୟନ କରିଥିଲେ| ଏହାର ସର୍ତ ଥିଲା ଯେ ଇଂଗ୍ରେଜ଼ ମାନଙ୍କ ଅଧୀନରେ ରହି ମିତ୍ର ହେବ| ଏହା ସର୍ତ କୌଣସି ଦେଶୀୟ କିମ୍ବା ବିଦେଶୀ ଶକ୍ତି ସହିତ ସମ୍ପର୍କ ସ୍ଥାପନ କରିପାରିବ ନାହିଁ|  ଇଂଗ୍ରେଜ଼ ମାନଙ୍କ ବିନା ଅନୁମତିରେ କୌଣସି ଦେଶ କିମ୍ବା ରାଜ୍ୟ ସହିତ ବାଣିଜ୍ୟ କରି ପାରିବେ ନାହିଁ| ନିଜ ରାଜ୍ୟରେ ସେମାନଙ୍କ ସୈନ୍ୟଙ୍କୁ ରଖି ସେମାନଙ୍କୁ ଦରମା ଦେବେ| ଏହା କରିବାକୁ ଅସମର୍ଥ ହେଲେ ନିଜ ରାଜ୍ୟର ଗୋଟେ ଅଂଚଳ ଇଂଗ୍ରେଜ଼ ମାନଙ୍କୁ ଦେବେ| ଏହା ପ୍ରଥମେ ଅଯୋଧ୍ୟାର ନବାବ ଗ୍ରହଣ କରି ନିଜ ରାଜ୍ୟର ଏକ ଅଂଶ ସେମାନଙ୍କୁ ଦେଇଥିଲେ| ଏହି ସନ୍ଧିକୁ ଜଯୈତପୁର ଯୟବୁର ଯୋଧପୁରର ଶାସକ ଗ୍ରହଣ କରି ନିଜ ଅଂଚଳକୁ ସେମାନଙ୍କୁ ଦେଲେ|, 5
IMG47, ସାମନ୍ତ ସନ୍ଧିକୁ ଇଂଗ୍ରେଜ଼ ଲର୍ଡ଼ ଡେଲହାଉସି ପ୍ରଚଳନ କରିଥିଲେ| ସେମାନେ ଆମ ରାଜ୍ୟ ଗୁଡିକ ଇଂଗ୍ରେଜ଼ୀ ସାମ୍ରାଜ୍ୟ ଭୀତରୀ କରିବାକୁ ଏହି ସନ୍ଧି ପ୍ରଚଳନ କରିଥିଲେ| ଯେଉଁ ରାଜା ମାନଙ୍କ ପୁତ୍ର ନଥିଲେ ସେମାନେ ଉତ୍ତରାଧିକାରୀ କରିବା ପାଇଁ ନିଜେ ପୋଷ୍ୟ ପୁତ୍ର ଗ୍ରହଣ କରୁଥିଲେ| ଏହି ସନ୍ଧି ଅନୁଯାଇ କୌଣସି ପୁତ୍ର କିମ୍ବା ପୋଷ୍ୟ ପୁତ୍ର ଉତ୍ତରାଧିକାରୀ ଭାବେ ନିଯୁକ୍ତି ହୋଇ ପାରିବେ ନାହିଁ|, 0.5
IMG48, ସାମନ୍ତ ସନ୍ଧି ପ୍ରଥା ଲର୍ଡ଼ ଡେଲହାଉସି ପ୍ରଣୟନ କରିଥିଲେ| ସେ ଭାରତରେ ବାଣିଜ୍ୟ ବିସ୍ତାର କରି ନିଜ ଲାଭବାନ ହେବାକୁ ଚାଁହୁଥିଲେ| ଏହାର ସର୍ତ ଥିଲା ଯେ ଯିଏ ଏହି ସନ୍ଧି କୁ ଗ୍ରହଣ କରିବ ସେ ଇଂଗ୍ରେଜ଼ ମାନଙ୍କୁ ଜଣେଇ ଅନ୍ୟ ଦେଶ ସହିତ ସମ୍ପର୍କ ରଖିବେ ଓ ଅନ୍ୟ ଦେଶ ସହିତ ବାଣିଜ୍ୟ ବ୍ୟାପାର କରିବେ| ଏହାର ଅନ୍ୟ ସର୍ତ ଥିଲା ଯେ ଏହି ସନ୍ଧିକୁ ଗ୍ରହଣ କରି ରାଜା ଇଂଗ୍ରେଜ଼ ମାନଙ୍କ ସୈନ୍ୟଙ୍କୁ ନିଜ ରାଜ୍ୟରେ ରଖିବେ| ତାଙ୍କର ଖାଦ୍ୟପେୟ ବ୍ୟବସ୍ତା ଦରମା ବ୍ୟବସ୍ତା ସନ୍ଧି ଗ୍ରହଣ କରି ରାଜା ହିଁ କରିବେ| ଏହା ନକଲେ ନିଜ ରାଜ୍ୟର ଏକ ଅଂଶ ଇଂଗ୍ରେଜ଼ ମାନଙ୍କୁ ଦେବାକୁ ବାଧ୍ୟ| ଅଯୋଧ୍ୟାର ନବାବ ଝାନ୍ସୀ ସତାରା ଜଯୈତପୁର ଏହି ସନ୍ଧିକୁ ଗ୍ରହଣ କରି ନିଜ ରାଜ୍ୟର ଏକ ଅଂଶ ହରେଇ ଥିଲେ|, 5
IMG49, ଭାରତରେ ସାମ୍ରାଜ୍ୟ ବିସ୍ତାର କରିବ ତଥା ବାଣିଜ୍ୟ ପ୍ରସାର କାରିବା ନିମନ୍ତେ ୱେଲସେଲି ଏକ ପ୍ରଥା ପ୍ରଚଳନ କଲେ| ତାହାକୁ ସାମନ୍ତ ସନ୍ଧି ବା ଅଧୀନତା ମୂଳକ ମିତ୍ରତା କୁହ ଯାଏ| ଏହି ସନ୍ଧିର ସର୍ତ ଅନୁଯାଇ ଯେଉଁ ଦେଶୀୟ ରାଜ୍ୟର ରାଜା ଏହାକୁ ଗ୍ରହଣ କରିବେ ସେମାନେ ଇଂଗ୍ରେଜ଼ ମାନଙ୍କ ଅଧୀନରେ ରହିବେ|, 2
IMG50, ସେମାନେ ଇଂଗ୍ରେଜ଼ ମାନଙ୍କ ବିନା ଅନୁମତିରେ କୌଣସି ଦେଶୀୟ କିମ୍ବା ବିଦେଶୀ ଶକ୍ତି ସହ ସମ୍ପର୍କ ରଖି ପାରିବେ ନାହିଁ| ସେହି ରାଜା ମାନେ ନିଜ ଖର୍ଚରେ ଦଳେ ଇଂଗ୍ରେଜ଼ ସୈନ୍ୟ ମାନଙ୍କୁ ନିଜ ରାଜ୍ୟରେ ରଖିବେ| ସେମାନଙ୍କ ଖର୍ଚ ମେଣ୍ଟାଈବାକୁ ଅସମର୍ଥ ହେଲେ ନିଜ ରାଜ୍ୟର ଏକ ଅଂଶ ଇଂଗ୍ରେଜ଼ ମାନଙ୍କୁ ଦେବେ| ପ୍ରଥମେ ଏହି ପ୍ରଥାକୁ ଦାକ୍ଷିଣାତ୍ୟର ନିଜାମ ପରେ ଅଯୋଧ୍ୟାର ସୁବାଦାର ଗ୍ରହଣ କରି ନିଜ ସ୍ୱାଧୀନତା ହରେଇଲେ| ପରେ ସିନ୍ଧିଆ ଭୋସଲା ଇତ୍ୟାଦି ରାଜ୍ୟର ରାଜା ଏହାକୁ ଗ୍ରହଣ କରି ନିଜ ରାଜ୍ୟରୁ ଖଣ୍ଡେ ଖଣ୍ଡେ ଅଂଶ ଇଂଗ୍ରେଜ଼ ମାନଙ୍କୁ ଦେଇଥିଲେ|, 3
IMG51, ଭାରତରେ ଇଂଗ୍ରେଜ଼ ମାନଙ୍କ ସାମ୍ରାଜ୍ୟ ବିସ୍ତାର କାରିବା ଉଦ୍ଦେଶ୍ୟରେ ଲର୍ଡ଼ ୱେଲସେଲି ଏକ ପ୍ରଥା ପ୍ରଚଳନ କରିଥିଲେ| ଏହାକୁ ସାମନ୍ତ ସନ୍ଧି କୁହ ଗଲା| ଏହି ସନ୍ଧିର ସର୍ତ ଅନୁଯାଇ ଭାରତର ଯେଉଁ ଦେଶୀୟ ରାଜ୍ୟ ଏହାକୁ ଗ୍ରହଣ କରିବେ ସେମାନେ ଇଂରାଜ଼ ମାନଙ୍କ ସହ ମିତ୍ର ହୋଇ ଇଂଗ୍ରେଜ଼ ମାନଙ୍କ ଅଧୀନତା ସ୍ୱୀକାର କରିବେ| ଇଂଗ୍ରେଜ଼ ମାନଙ୍କ ଠାରୁ ପରାମର୍ଶ ନ ନେଇ କୌଣସି ଦେଶୀୟ ବା ବିଦେଶୀ ରାଷ୍ଟ୍ର ସହ ସମ୍ପର୍କ ରଖି ପାରିବେ ନାହିଁ| ଯେଉଁ ଦେଶୀୟ ରାଜ୍ୟ ଏହି ସନ୍ଧିକୁ ଗ୍ରହଣ କରିବେ ସେ ତାଙ୍କ ରାଜ୍ୟରେ ସୁରକ୍ଷା ନିମନ୍ତେ ନିଜ ଖର୍ଚ ରେ ଦଳେ ଇଂଗ୍ରେଜ଼ ସୈନ୍ୟଙ୍କୁ ରଖିବେ| ସୈନ୍ୟଙ୍କୁ ଖର୍ଚ ଦେବାକୁ ଅସମର୍ଥ ହେଲେ ନିଜେ ରାଜ୍ୟରୁ ଖଣ୍ଡେ ଅଂଶ ଦେବେ|, 3
IMG52, ଭାରତରେ ସାମ୍ରାଜ୍ୟ ବିସ୍ତାର ପାଇଁ ଇଂଗ୍ରେଜ଼ ଗବେରଣର ଲର୍ଡ଼ ନର୍ଥ ସାମନ୍ତ ସନ୍ଧି ନୀତି କରିଥିଲେ| ଏଇ ସନ୍ଧି ଗୁଡିକ ହେଲା ଯେଉଁ ରାଜା ଏଇ ସନ୍ଧିକୁ ମାନିନେବେ ସେ ରାଜ୍ୟର ରାଜା କେତେକ ଇଂଗ୍ରେଜ଼ ସୈନ୍ୟଙ୍କୁ ନିଜ ଅଂଚଳରେ ରଖିବେ ଏବଂ ତାଙ୍କ ଖାଦ୍ୟ ପେୟ ଓ ରହିବ ଖର୍ଚ ସେଇ ରାଜ୍ୟର ର ରାଜା ବୁଝିବେ|, 2
IMG53, ଭାରତରେ ଇଂଗ୍ରେଜ଼ ମାନଙ୍କ ପ୍ରଭୁତ୍ୱ ବିସ୍ତାର କାରିବା ପାଇଁ ୱେଲସେଲି ଏକ ନୂତନ ପ୍ରଥା ଆରମ୍ଭ କଲେ| ଏହା ସାମନ୍ତ ସନ୍ଧି ନାମ ରେ ନାମିତ| ଏହାର ସର୍ତ ଗୁଡିକ ଥିଲା ଯେ ଯେଉଁ ଦେଶୀୟ ରାଜ୍ୟର ରାଜା ଏହି ପନ୍ଥା ଗ୍ରହଣ କରିବେ ସେମାନେ ଇଂଗ୍ରେଜ଼ ମାନଙ୍କ ମିତ୍ର ହୋଇ ରହିବେ ଏବଂ ଏଜିରେଜ଼ ମାନଙ୍କ ବଶତା ସ୍ୱୀକାର କରିବେ| ଇଂଗ୍ରେଜ଼ ମାନଙ୍କ ବିନା ଅନୁମତିରେ କୌଣସି ଦେଶୀୟ ରାଜା ବାହ୍ୟ ଦେଶ ସାହସ ସମ୍ପର୍କ ରଖି ପାରିବେ ନାହିଁ| ନିଜ ଖର୍ଚରେ ଦଳେ ଇଂଗ୍ରେଜ଼ ସୈନ୍ୟଙ୍କୁ ରଖିବେ ଏହା ନ କରି ପାରିଲେ ଖର୍ଚ ବାବଦକୁ ନିଜ ଅଂଚଳର ଖଣ୍ଡେ ଅଂଶ ଇଂଗ୍ରେଜ଼ ମାନଙ୍କୁ ଦେବେ|, 4.5
IMG54, , 3.5
IMG55, , 0
IMG56, NAN, 2
IMG57, , 5
IMG58, , 5
IMG59, , 5
IMG60, NAN, 5
IMG61, , 5
IMG62, , 3
IMG63, , 4
IMG64, , 5
IMG65, , 5
IMG66, , 5
IMG67, , 5
IMG68, , 5
IMG69, , 3.5
IMG70, , 4
IMG71, , 2.5
IMG72, NAN, 0.5
IMG73, NAN, 3
IMG74, , 5
IMG75, , 4.5
IMG76, , 5
IMG77, , 4.5
IMG78, , 3
IMG79, , 4
IMG80, ସାମନ୍ତ ସନ୍ଧି ୱେଲସେଲି ପ୍ରଣୟନ କରିଥଲେ ଇଂଗ୍ରେଜ଼ ମାନେ ପ୍ରଭାବ ବିସ୍ତାର କରିବା ପାଇଁ| ଏହି ସନ୍ଧିର ଆଦି ଅନୁଯାୟୀ ଯେଉଁମାନେ ଏହି ସନ୍ଧି ଗ୍ରହଣ କରିବେ ସେମାନେ ନିଜ ଅଧୀନତା ସ୍ୱୀକାର କରିବେ| ସେମାନେ ଇଂଗ୍ରେଜ଼ମାନଙ୍କ ନପଚାରି କେଉଁ ଦେଶ ବା ରାଜ୍ୟ ସହ ସମ୍ପର୍କ ସ୍ଥାପନ କରି ପାରିବେ ନାହିଁ| ଯେଉଁମାନେ ସନ୍ଧି ସ୍ୱୀକାର କରିବେ ସେମାନେ ଇଂଗ୍ରେଜ଼ ମାନଙ୍କ ଏକ ସୈନ୍ୟ ଦଳକୁ ନିଜ ରାଜ୍ୟ ରେ ରଖିବେ ଓ ସେମାନଙ୍କ ପାଇଁ ଅବବ୍ୟସ୍ଥା କରିବେ| ଯେଉଁ ମାନେ କରିବେନାହିଁ ସେମାନେ ଇଂଗ୍ରେଜ଼ମାନଙ୍କୁ ନିଜ ରାଜ୍ୟ ଏକ ଅଂଶ ଦେବେ| ପ୍ରଥମେ ଏହି ସନ୍ଧି ଗ୍ରହଣ କରିଥିଲେ ହାଇଦରାବାଦର ନିଜାମ ଭୋସଲେ ଯୋଧପୁର ଅଯୋଧ୍ୟା ଆଦି ଗ୍ରହଣ କରିଥିଲେ|, 4.5
IMG81, ଭାରତର ରାଜ୍ୟଗୁଡ଼ିକୁ ଅଧିକାର କରିବା ପାଇଁ ୱେଲସେଲି ସାମନ୍ତ ସନ୍ଧି ପ୍ରଥା ପ୍ରଚଳନ କରିଥିଲେ| ସାମନ୍ତ ସନ୍ଧି ପ୍ରଥାର ଅନ୍ୟନାମ ହେଉଛି ଅଧୀନତାମୂଳକମିତ୍ରତା| ଏହାର ବ୍ୟବସ୍ଥା ଥିଲା ଯେ ଏହି ପ୍ରଥା ଯେଉଁ ବିଦେଶିୟ ରାଜା ଗ୍ରହଣ କରିବେ ସେମାନେ ଇଂଗ୍ରେଜ଼ମାନଙ୍କ ବିନା ଅନୁମତିରେ ଅନ୍ୟ ଦେଶୀୟ ବା ବିଦେଶୀ ରାଜ୍ୟ ସହିତ କୌଣସି ସମ୍ପର୍କ ରଖି ପାରିବେ ନାହିଁ| ସେମାନେ ନିଜ ରାଜ୍ୟରେ ଦଳେ ଇଂଗ୍ରେଜ଼ ସୈନ୍ୟଙ୍କୁ ରଖିବେ ସେମାନଙ୍କ ଖର୍ଚ୍ଚ ପୂରଣ ପାଇଁ ଅସମର୍ଥ ହେଲେ ପୂରଣ ବାବଦକୁ ନିଜ ରାଜ୍ୟର କେତେକ ଅଂଶ ଇଂଗ୍ରେଜ଼ାମାନଙ୍କୁ ଦେବେ| ପ୍ରଥମେ ହାଇଦ୍ରାବାଦର ନିଜାମ ଏହାକୁ ଗ୍ରହଣ କରିଥିଲେ|, 3
IMG82, , 2
IMG83, ସାମନ୍ତ ସନ୍ଧି  ୱେଲସେଲି ପ୍ରଣୟନ କରିଥିଲେ ଇଂଗ୍ରେଜ଼ ମାନେ ପ୍ରଭାବ ବିସ୍ତାର କରିବା ପାଇଁ| ଏହି ସନ୍ଧିର ଅନୁଯାଇ ଏହିମାନେ ଏହି ସନ୍ଧି ଗ୍ରହଣ କରିଥିଲେ| ସେମାନେ ଇଁରେଜ଼ାମାନଙ୍କୁ ନପଚାରି ଦେଶ ବା ରାଜ୍ୟ ସହ ସମ୍ପର୍କ ସ୍ଥାପନ କରିପାରିବେ ନାହିଁ| ଯେଉଁମାନେ ସନ୍ଧି ସ୍ୱୀକାର କରିବେ ସେମାନେ ଇଂଗ୍ରେଜ଼ ଏକ ସୈନ୍ୟ ବାହିନୀ ନିଜ ରାଜ୍ୟରେ ରଖିବେ ଓ ସେମାନଙ୍କୁ ଅର୍ଥବ୍ୟସ୍ଥା ରଖିବେ ଯଉଁମାନେ କରିପାରିବେ ନାହିଁ ସେମାନଙ୍କ ହତ୍ୟା କରାଯାଉଥିଲା| ଏହପରି ସନ୍ଧି ଗ୍ରହଣ କରିଥିଲେ|, 4.5
IMG84, ଇଂଗ୍ରେଜ଼ ମାନଙ୍କ ସାମ୍ରାଜ୍ୟ ବିସ୍ତାର ପାଇଁ ୱେଲସେଲି ଏକ ପ୍ରଥା ପ୍ରଚଳନ କରିଥିଲେ ତାହା ସାମନ୍ତ ସନ୍ଧି ବା ଅଧୀନତା ମୂଳକ ନୀତି ନାମରେ ପରିଚିତ| ଏହି ନୀତି ଅନୁସାରେ ଯେଉଁ ଦେଶୀୟ ରାଜ୍ୟ ରାଜା ମାନେ ଏହାକୁ ଗ୍ରହଣ କରିବେ ସେମାନେ ଇଂଗ୍ରେଜ଼ାମାନଙ୍କର ଅଧୀନତା ସ୍ୱୀକାର କରି ସେମାନଙ୍କ ମିତ୍ର ହୋଇ କାର୍ଯ୍ୟ କରିବେ ସେମାନଙ୍କ ଅନୁମତି ନ ନେଇ କୌଣସି ଦେଶୀୟ ବା ବିଦେଶୀ ସହ ସମ୍ପର୍କ ରଖି ପାରିବେ ନାହିଁ| ଏହି ନୀତି ଗ୍ରହଣ କରିଥିବା ରାଜା ନିଜ ରାଜ୍ୟ ଦଳେ ଇଂଗ୍ରେଜ଼ ସୈନ୍ୟଙ୍କୁ ରଖିବେ ଓ ନିଜ ଖର୍ଚ୍ଚରେ ସେମାନଙ୍କୁ ତେଲ ଲୁଣ ଖର୍ଚ୍ଚ ଦେବେ ଯଦି ଏଥିରେ ଅସମର୍ଥ ହୁଅନ୍ତି ତେବେ ନିଜ ରାଜ୍ୟର କିଛି ଅଂଶ ଇଂଗ୍ରେଜ଼ ମାନଙ୍କୁ ଦେବେ| ଏହି ନୀତି ଗ୍ରହଣ କରି ପ୍ରଥମେ ହାଇଦ୍ରାବାଦର ନିଜାମ ଓ ଅଯୋଧ୍ୟାର ନବାବ ନିଜ ରାଜ୍ୟରୁ କିଛି ଅଂଶ ଇଂଗ୍ରେଜ଼ାମାନଙ୍କୁ ଦେଇଥିଲେ| ପରେ ଭୋସଲା ସିନ୍ଧିଆ ଏହାକୁ ଗ୍ରହଣ କରି ନିଜର ରାଜ୍ୟର ଖଣ୍ଡେ ଖଣ୍ଡେ ଅଂଶ ଇଂଗ୍ରେଜ଼ାମାନଙ୍କୁ ଦେଇଥିଲେ| ଯୟବୁର ଯୋଧପୁର  ଉଦୟପୁର ଭଳି ପ୍ରଭୃତି ରାଜ୍ୟ ଗୁଡିକ ଇଂଗ୍ରେଜ଼ମାନଙ୍କ ଅଧୀନରେଥିଲା|, 5 
